baseline,family,mode,target_bytes,json_payload_bytes,frame_bytes,iterations,old_median_us,new_median_us,speedup,old_p95_batch_mean_us,new_p95_batch_mean_us,old_max_operation_ms,new_max_operation_ms
alpha,ascii,json,256,245,281,2928,1.224385258929977,0.9665303542965749,1.2667840730372766,1.7537565830626773,1.4258880432837648,0.1700000762939453,0.125
master,ascii,json,256,245,281,2928,1.2807377049180328,0.9665303542965749,1.325087928407725,1.73668034089719,1.4258880432837648,0.13000011444091797,0.125
master,ascii,binary_json,256,245,272,836,5.3169864216489655,4.366029392589223,1.2178082059350932,6.417463841050435,6.1004789252030225,0.1549997329711914,0.1099996566772461
master,ascii,binary_protobuf,256,245,264,701,5.449357624570926,4.30813189409939,1.2649003694697951,7.346648462488716,6.5834518846193495,0.125,0.13500022888183594
master,ascii,msgpack_binary,256,245,269,655,5.709924770675543,5.389312569421667,1.0594903704552214,13.39694743848029,7.816793718410812,2.929999351501465,0.13000011444091797
master,ascii,msgpack_base64,256,245,360,495,7.96969635318024,7.31313108193754,1.0897789556739013,11.919191148546007,10.636364329944957,0.1549997329711914,0.1400003433227539
alpha,ascii,json,4096,4093,4129,709,5.5289140709364535,4.703808234339877,1.1754123032850148,7.355430398572484,6.361072255122477,0.11999988555908203,0.14499950408935547
master,ascii,json,4096,4093,4129,709,5.465444287729196,4.703808234339877,1.1619190271892972,6.86177682809332,6.361072255122477,0.125,0.14499950408935547
master,ascii,binary_json,4096,4093,4120,353,14.51841359773371,13.356940942175328,1.0869564865628,18.441926993999534,19.0651545105845,0.2350006103515625,0.21500015258789062
master,ascii,binary_protobuf,4096,4093,4112,358,12.430169728881154,11.508379568600787,1.080097302559898,16.32681638834863,19.455307688792992,0.22500038146972656,0.24499988555908203
master,ascii,msgpack_binary,4096,4093,4118,168,19.077380498250324,17.73809251331148,1.075503495312914,30.744047391982306,28.005951926821755,0.3000001907348633,0.25500011444091797
master,ascii,msgpack_base64,4096,4093,5492,88,44.2613580010154,41.47726839238947,1.0671232633327603,63.06818398562345,57.272737676447086,0.30500030517578125,0.24500083923339844
alpha,ascii,json,65536,65531,65567,76,67.10526817723324,62.302627061542715,1.0770856919234957,94.3421062670256,82.63157543383147,0.38500022888183594,0.3400001525878906
master,ascii,json,65536,65531,65567,76,72.23685164200633,62.302627061542715,1.1594511347113912,95.06578194467644,82.63157543383147,0.38499927520751953,0.3400001525878906
master,ascii,binary_json,65536,65531,65558,33,173.63637866395894,168.18182396166253,1.032432486304464,220.75757113370028,215.75757228966916,0.8299999237060547,0.7349996566772461
master,ascii,binary_protobuf,65536,65531,65551,30,137.5,125.66668192545573,1.0941643233770084,176.5000025431315,165.50000508626303,0.630000114440918,0.5949993133544922
master,ascii,msgpack_binary,65536,65531,65556,17,237.3529322007123,216.76473056568818,1.0949794811235913,345.0000426348518,319.1176582785214,0.869999885559082,0.880000114440918
master,ascii,msgpack_base64,65536,65531,87408,9,584.9999321831597,596.1111916436089,0.9813604246720934,758.8888804117838,752.2221671210395,1.4549999237060547,1.2950000762939453
alpha,ascii,json,1048576,1048565,1048601,3,1103.3334732055664,1079.9999237060547,1.0216051399517159,1579.9999237060547,1338.3331298828125,2.229999542236328,1.8099994659423828
master,ascii,json,1048576,1048565,1048601,3,1173.3331680297852,1079.9999237060547,1.0864196767750265,1673.3331680297852,1338.3331298828125,2.2899999618530273,1.8099994659423828
master,ascii,binary_json,1048576,1048565,1048592,1,2929.999351501465,2864.999771118164,1.02268746442445,4605.0004959106445,4225.000381469727,4.595000267028809,4.215000152587891
master,ascii,binary_protobuf,1048576,1048565,1048585,1,2005.000114440918,2189.999580383301,0.9155253418313425,3060.000419616699,3164.9999618530273,3.0500001907348633,3.1599998474121094
master,ascii,msgpack_binary,1048576,1048565,1048592,1,4045.0000762939453,3434.999465942383,1.1775839025303052,6014.9993896484375,5304.999351501465,6.0099992752075195,5.299999237060547
master,ascii,msgpack_base64,1048576,1048565,1398124,1,9585.000038146973,9460.000038146973,1.0132135306021082,15470.000267028809,15335.000038146973,15.460000038146973,15.329999923706055
alpha,ascii,json,4194304,4194279,4194315,1,5434.999465942383,4194.999694824219,1.295589955023852,6969.999313354492,5010.000228881836,6.954999923706055,5
master,ascii,json,4194304,4194279,4194315,1,4784.999847412109,4194.999694824219,1.1406436699663725,7284.999847412109,5010.000228881836,7.2649993896484375,5
master,ascii,binary_json,4194304,4194279,4194306,1,10750,10439.9995803833,1.0296935279766857,13925.000190734863,13835.000038146973,13.90000057220459,13.8149995803833
master,ascii,binary_protobuf,4194304,4194279,4194300,1,7359.999656677246,7444.999694824219,0.9885829359796932,9619.999885559082,8275.00057220459,9.610000610351562,8.270000457763672
master,ascii,msgpack_binary,4194304,4194279,4194306,1,14710.000038146973,13175.000190734863,1.1165085256311098,18630.000114440918,16204.999923706055,18.610000610351562,16.195000648498535
master,ascii,msgpack_base64,4194304,4194279,5592408,1,36199.99980926514,35135.000228881836,1.0303116429043835,40594.99931335449,41569.99969482422,40.579999923706055,41.55999946594238
alpha,unicode,json,256,256,292,2638,1.4708112640033806,1.1220621827698911,1.3108108325802206,2.0545868371091527,1.8081878332408474,0.17500019073486328,0.15999984741210938
master,unicode,json,256,256,292,2638,1.4670204266713731,1.1220621827698911,1.3074323769204375,2.0716448820748954,1.8081878332408474,0.18000030517578125,0.15999984741210938
master,unicode,binary_json,256,256,283,651,5.491551166305894,4.316436896492625,1.2722417350218005,7.519200467111145,7.081414148005472,0.11999988555908203,0.125
master,unicode,binary_protobuf,256,256,270,614,5.8794798214194826,4.495112826070879,1.3079715791157707,8.029316457941011,7.255700201475659,0.11500072479248047,0.21500015258789062
master,unicode,msgpack_binary,256,256,275,469,5.991470076636211,5.522388385048807,1.0849418148237064,10.554370595448052,9.20042757794801,0.1549997329711914,0.15999984741210938
master,unicode,msgpack_base64,256,256,368,359,8.481894362935781,7.674095026297822,1.105263139675723,13.565459291250924,13.022284653857557,0.14499950408935547,0.19999980926513672
alpha,unicode,json,4096,4078,4114,456,7.850877025671172,7.291666248388458,1.076691768140966,10.701752545540792,10.153509022896749,0.13000011444091797,0.13000011444091797
master,unicode,json,4096,4078,4114,456,8.081141271089253,7.291666248388458,1.108270866466945,11.184211362872208,10.153509022896749,0.125,0.13000011444091797
master,unicode,binary_json,4096,4078,4105,259,20.193048425622887,18.320462878606495,1.1022127857480655,25.637063280495898,24.517372308090387,0.23999977111816406,0.21000003814697266
master,unicode,binary_protobuf,4096,4078,4014,232,16.35775483887771,14.719827421780291,1.111273547587511,21.616380790184284,19.676722329238366,0.19499969482421875,0.19499969482421875
master,unicode,msgpack_binary,4096,4078,4020,214,15.560747307037639,13.551404543012103,1.1482756091922346,23.177565815292787,20.327100129885093,0.25499916076660156,0.22999954223632812
master,unicode,msgpack_base64,4096,4078,5360,80,44.12499666213989,42.37499237060547,1.0412980438138877,68.18749904632568,58.375000953674316,0.3100004196166992,0.2700004577636719
alpha,unicode,json,65536,65524,65560,45,108.99999406602647,102.77777777777777,1.060540482804582,156.66667090521918,131.88887702094183,0.5199995040893555,0.4499998092651367
master,unicode,json,65536,65524,65560,45,106.22223748101129,102.77777777777777,1.0335136619774072,158.9999940660265,131.88887702094183,0.5249996185302734,0.4499998092651367
master,unicode,binary_json,65536,65524,65551,19,257.10527520430713,250,1.0284211008172286,352.36840499074833,351.57896343030427,1,0.9899997711181641
master,unicode,binary_protobuf,65536,65524,64207,17,182.6470318962546,175.88239557602827,1.0384611336346177,250.8823731366326,234.1176201315487,0.7600002288818359,0.6399993896484375
master,unicode,msgpack_binary,65536,65524,64212,26,148.2692498427171,150.1923341017503,0.9871958560965544,242.50001173753006,188.4615604694073,0.630000114440918,0.7049999237060547
master,unicode,msgpack_base64,65536,65524,85616,6,663.3334159851074,610.8333269755045,1.0859483048666534,828.3333778381348,732.499917348226,1.130000114440918,1.0550003051757812
alpha,unicode,json,1048576,1048562,1048598,1,1950.0007629394531,1779.9997329711914,1.0955062109388605,3845.0002670288086,3250,3.8350000381469727,3.2400007247924805
master,unicode,json,1048576,1048562,1048598,1,1880.000114440918,1779.9997329711914,1.056179998017643,3869.999885559082,3250,3.854999542236328,3.2400007247924805
master,unicode,binary_json,1048576,1048562,1048589,1,4369.999885559082,4220.000267028809,1.0355449310518372,6884.9992752075195,6929.999351501465,6.869999885559082,6.919999122619629
master,unicode,binary_protobuf,1048576,1048562,1027183,1,2840.0001525878906,2804.999351501465,1.0124780068372174,4100.000381469727,4260.000228881836,4.085000038146973,4.25
master,unicode,msgpack_binary,1048576,1048562,1027190,1,2579.9999237060547,2215.0001525878906,1.1647854383629352,4069.9996948242188,3465.0001525878906,4.059999465942383,3.4600000381469727
master,unicode,msgpack_base64,1048576,1048562,1369588,1,9524.999618530273,9765.000343322754,0.9754223536759431,11350.000381469727,10880.000114440918,11.34000015258789,10.875
alpha,unicode,json,4194304,4194264,4194300,1,8770.000457763672,6794.999122619629,1.290655127322906,12835.000038146973,11299.999237060547,12.819999694824219,11.295000076293945
master,unicode,json,4194304,4194264,4194300,1,6845.000267028809,6794.999122619629,1.007358521098661,14524.999618530273,11299.999237060547,14.50999927520752,11.295000076293945
master,unicode,binary_json,4194304,4194264,4194291,1,15989.999771118164,15610.000610351562,1.0243433149204755,22895.000457763672,23140.000343322754,22.880000114440918,23.114999771118164
master,unicode,binary_protobuf,4194304,4194264,4108688,1,11079.999923706055,10760.000228881836,1.029739747957001,12979.999542236328,12704.999923706055,12.964999198913574,12.694999694824219
master,unicode,msgpack_binary,4194304,4194264,4108694,1,8800.000190734863,8125,1.0830769465519832,12619.999885559082,10845.000267028809,12.604999542236328,10.835000038146973
master,unicode,msgpack_base64,4194304,4194264,5478260,1,37135.000228881836,37035.000801086426,1.002700132999389,40364.999771118164,38489.999771118164,40.355000495910645,38.47499942779541
alpha,escaped,json,256,251,287,1768,2.268099137560814,1.9145928896390474,1.1846378150858026,2.9213800689213953,2.7573529411764706,0.25,0.11499977111816406
master,escaped,json,256,251,287,1768,2.330316677352422,1.9145928896390474,1.2171343004369717,3.0712666015279777,2.7573529411764706,0.13500022888183594,0.11499977111816406
master,escaped,binary_json,256,251,278,626,5.7907348242811505,5.183705887474572,1.1171032751440138,8.298721557227186,7.4600640196388905,0.1400003433227539,0.18999958038330078
master,escaped,binary_protobuf,256,251,190,702,5.5484323420076285,4.30911626571264,1.28760330422183,7.443020486424112,6.132479067201968,0.1700000762939453,0.13000011444091797
master,escaped,msgpack_binary,256,251,195,729,5.617284316911946,5.1440329218107,1.0920000712076823,8.545952732834468,7.4005493247787,0.16499996185302734,0.16499996185302734
master,escaped,msgpack_base64,256,251,260,336,7.752977666400728,6.860119955880301,1.1301519093343395,14.255952267419724,12.604165644872756,0.23999977111816406,0.16499996185302734
alpha,escaped,json,4096,4091,4127,182,22.252748300741008,21.89560250921564,1.0163113022980321,29.230767553979224,28.29670644068456,0.1550006866455078,0.16499996185302734
master,escaped,json,4096,4091,4127,182,22.197801988203448,21.89560250921564,1.0138018343574065,28.35165275322212,28.29670644068456,0.1399993896484375,0.16499996185302734
master,escaped,binary_json,4096,4091,4118,122,31.31148072539783,29.999998749279584,1.0437160676931607,45.36885120829598,41.10656019117011,0.30499935150146484,0.2650003433227539
master,escaped,binary_protobuf,4096,4091,2750,339,9.557524261924721,9.247785472588554,1.0334932930974954,14.587019748744009,13.09734389493599,0.18000030517578125,0.15999984741210938
master,escaped,msgpack_binary,4096,4091,2756,232,14.827584398203882,13.620688997465988,1.0886075147125396,23.211207883111364,21.012931034482758,0.22500038146972656,0.19499969482421875
master,escaped,msgpack_base64,4096,4091,3676,92,31.956517178079356,30.000002487846043,1.0652171509327695,50.97825630851414,47.17391470204229,0.26999950408935547,0.25500011444091797
alpha,escaped,json,65536,65531,65567,13,373.0768790611854,364.61536700908954,1.0232066797444797,551.5384674072266,533.8461215679462,1.2199993133544922,0.8899993896484375
master,escaped,json,65536,65531,65567,13,377.3076717670147,364.61536700908954,1.0348101202152808,551.5383940476638,533.8461215679462,1.2599992752075195,0.8899993896484375
master,escaped,binary_json,65536,65531,65558,7,444.9999673025949,444.28580147879467,1.0016074468763645,824.2856434413364,795.7142421177456,1.3949995040893555,1.4099998474121094
master,escaped,binary_protobuf,65536,65531,43711,45,88.66666158040364,82.55555894639757,1.074024120386296,118.66667005750868,117.11110009087457,0.5099992752075195,0.4650001525878906
master,escaped,msgpack_binary,65536,65531,43716,24,155.00001112620035,148.33331108093262,1.0449440519913311,245.62501907348633,221.25001748402914,0.8100004196166992,0.7049999237060547
master,escaped,msgpack_base64,65536,65531,58288,7,435.000010899135,402.1427971976144,1.0817053393234703,616.4286477225168,539.2856597900391,0.9899997711181641,0.875
alpha,escaped,json,1048576,1048571,1048607,1,5164.999961853027,5050.000190734863,1.0227722310444962,17425.000190734863,14820.000648498535,17.40999984741211,14.805000305175781
master,escaped,json,1048576,1048571,1048607,1,5154.999732971191,5050.000190734863,1.0207919877763507,18159.99984741211,14820.000648498535,18.149999618530273,14.805000305175781
master,escaped,binary_json,1048576,1048571,1048598,1,6849.99942779541,6950.000762939453,0.9856113202638344,18529.99973297119,18149.999618530273,18.519999504089355,18.139999389648438
master,escaped,binary_protobuf,1048576,1048571,699071,1,1449.9998092651367,1329.9999237060547,1.0902254830396543,2214.999198913574,2204.9999237060547,2.2100000381469727,2.1949996948242188
master,escaped,msgpack_binary,1048576,1048571,699078,1,2590.0001525878906,2229.999542236328,1.161435284417386,4610.0006103515625,4345.000267028809,4.600000381469727,4.340000152587891
master,escaped,msgpack_base64,1048576,1048571,932104,1,6260.000228881836,6085.000038146973,1.028759275207524,8234.999656677246,8025.00057220459,8.220000267028809,8.015000343322754
alpha,escaped,json,4194304,4194281,4194317,1,42994.99988555908,42199.99980926514,1.0188388644523028,67020.00045776367,52529.99973297119,67,52.51499938964844
master,escaped,json,4194304,4194281,4194317,1,42675.00019073486,42199.99980926514,1.0112559332610576,67944.99969482422,52529.99973297119,67.92500019073486,52.51499938964844
master,escaped,binary_json,4194304,4194281,4194308,1,50675.00019073486,50155.00068664551,1.010367849605629,74819.99969482422,74420.00007629395,74.79500007629395,74.38999938964844
master,escaped,binary_protobuf,4194304,4194281,2796212,3,4823.3334223429365,4703.333218892415,1.0255138638632924,5765.000025431315,5471.666653951009,6.664999961853027,6.430000305175781
master,escaped,msgpack_binary,4194304,4194281,2796218,1,10140.000343322754,9364.999771118164,1.0827550017240477,13635.000228881836,11345.000267028809,13.625,11.335000038146973
master,escaped,msgpack_base64,4194304,4194281,3728292,1,25425.000190734863,24595.00026702881,1.0337466930146255,28369.999885559082,27199.999809265137,28.350000381469727,27.18000030517578
alpha,flat_records,json,256,177,213,973,2.9599178976782303,1.8191156259911156,1.6271191646026169,4.748201321232355,2.9907501001152204,0.1700000762939453,0.10500049591064453
master,flat_records,json,256,177,213,973,2.9856112363527147,1.8191156259911156,1.6412432468255298,4.933196496130384,2.9907501001152204,0.14999961853027344,0.10500049591064453
master,flat_records,binary_json,256,177,204,627,5.693779417582486,4.7208932027862405,1.2060809624377977,7.846890073834044,7.06539123632501,0.1099996566772461,0.15999984741210938
master,flat_records,binary_protobuf,256,177,113,464,8.609913546463538,7.403016090393066,1.1630278039833886,12.112068718877332,10.700431363335971,0.16499996185302734,0.11999988555908203
master,flat_records,msgpack_binary,256,177,157,234,16.025641025641026,13.16239283635066,1.2175324976916746,23.162393488435665,19.551281236175797,0.19499969482421875,0.15999984741210938
master,flat_records,msgpack_base64,256,177,212,251,17.370520359966385,15.059759892315503,1.1534393963897118,24.20318649109616,21.573705027302896,0.17999935150146484,0.1700000762939453
alpha,flat_records,json,4096,4057,4093,63,45.79363928900825,25.15873076423766,1.8201887733582514,78.17460620214068,42.69842117551773,0.2849998474121094,0.14500045776367188
master,flat_records,json,4096,4057,4093,63,46.666660006084136,25.15873076423766,1.8548892805204353,79.76189870682974,42.69842117551773,0.2650003433227539,0.14500045776367188
master,flat_records,binary_json,4096,4057,4084,98,33.87755763774015,33.82653606181242,1.0015083299050929,50.816331590924946,50.408168714873646,0.27500057220458984,0.26000022888183594
master,flat_records,binary_protobuf,4096,4057,2129,34,98.97058150347542,97.64704984777114,1.0135542410934852,147.50001009772805,154.41176470588235,0.3950004577636719,0.3900003433227539
master,flat_records,msgpack_binary,4096,4057,3053,12,250.41667620340982,212.50001589457193,1.1784313292835213,390.4167016347249,336.24998728434247,0.8100004196166992,0.6899995803833008
master,flat_records,msgpack_base64,4096,4057,4072,11,283.63635323264384,230.9090874411843,1.2283464300853464,404.09088134765625,341.36364676735616,0.8549995422363281,0.6499996185302734
alpha,flat_records,json,65536,65534,65570,1,1079.9999237060547,425.0001907348633,2.541175150624376,2180.0003051757812,1135.000228881836,2.1750001907348633,1.1049995422363281
master,flat_records,json,65536,65534,65570,1,1095.0002670288086,425.0001907348633,2.5764700602497506,2250,1135.000228881836,2.234999656677246,1.1049995422363281
master,flat_records,binary_json,65536,65534,65561,7,537.1427536010742,524.2857251848493,1.0245229419734667,831.4286640712193,810.7143129621234,1.5950002670288086,1.6750001907348633
master,flat_records,binary_protobuf,65536,65534,34519,1,1775.0005722045898,1764.9993896484375,1.005666394342575,3524.9996185302734,3345.0002670288086,3.515000343322754,3.3400001525878906
master,flat_records,msgpack_binary,65536,65534,49373,1,3864.999771118164,3100.0003814697266,1.2467739662940773,5789.999961853027,4825.000762939453,5.774999618530273,4.815000534057617
master,flat_records,msgpack_base64,65536,65534,65832,1,3989.999771118164,3460.0000381469727,1.153179111886668,6170.000076293945,5085.000038146973,6.154999732971191,5.075000762939453
alpha,flat_records,json,1048576,1048563,1048599,1,11765.000343322754,5549.999237060547,2.1198201730841797,19864.999771118164,14345.000267028809,19.84000015258789,13.755000114440918
master,flat_records,json,1048576,1048563,1048599,1,11800.000190734863,5549.999237060547,2.126126452764075,20095.00026702881,14345.000267028809,20.074999809265137,13.755000114440918
master,flat_records,binary_json,1048576,1048563,1048590,1,7699.999809265137,7390.000343322754,1.0419485049445882,16900.00057220459,16380.000114440918,16.34000015258789,15.755000114440918
master,flat_records,binary_protobuf,1048576,1048563,552981,1,23339.999198913574,22845.00026702881,1.0216677139898824,30475.000381469727,30579.999923706055,30.47000026702881,30.574999809265137
master,flat_records,msgpack_binary,1048576,1048563,787813,1,54260.000228881836,45039.99996185303,1.2047069332779254,75109.99965667725,56164.99996185303,75.07499980926514,56.14999961853027
master,flat_records,msgpack_base64,1048576,1048563,1050420,1,57265.000343322754,51059.99946594238,1.1215237160650418,74335.00003814697,61494.99988555908,74.30499935150146,61.47000026702881
alpha,flat_records,json,4194304,4194259,4194295,1,77600.00038146973,39989.999771118164,1.9404851419257696,97684.99946594238,56610.00061035156,97.66499996185303,56.21000003814697
master,flat_records,json,4194304,4194259,4194295,1,72404.99973297119,39989.999771118164,1.8105776480965123,99289.99996185303,56610.00061035156,99.27499961853027,56.21000003814697
master,flat_records,binary_json,4194304,4194259,4194286,1,45239.999771118164,46234.999656677246,0.9784795091824904,62225.00038146973,66890.00034332275,60.635000228881836,66.4399995803833
master,flat_records,binary_protobuf,4194304,4194259,2240321,1,100014.99938964844,99225.00038146973,1.0079616931735105,118170.00007629395,125960.00003814697,118.15500068664551,125.9399995803833
master,flat_records,msgpack_binary,4194304,4194259,3135857,1,230119.99988555908,181710.00003814697,1.266413515146383,269260.00022888184,210689.9995803833,269.23999977111816,210.66499996185303
master,flat_records,msgpack_base64,4194304,4194259,4181144,1,248954.99992370605,207345.0002670288,1.200680024129301,289414.999961853,241690.00053405762,289.3999996185303,241.67500019073486
alpha,nested_records,json,256,227,263,831,4.061371841155235,2.4669075700780545,1.6463413102367392,6.480143532139013,4.861612469137217,0.14500045776367188,0.5349998474121094
master,nested_records,json,256,227,263,831,4.169675273872311,2.4669075700780545,1.690243819609496,7.948255711083808,4.861612469137217,0.5699996948242188,0.5349998474121094
master,nested_records,binary_json,256,227,254,627,6.307814870344584,5.669856946053877,1.1125174639079236,13.062200287692665,11.802233767471435,0.4499998092651367,0.6649999618530273
master,nested_records,binary_protobuf,256,227,128,383,11.031332588693804,9.216709485564468,1.1968840512952548,21.305485120330093,19.843343032558032,0.6500005722045898,0.6449995040893555
master,nested_records,msgpack_binary,256,227,193,181,20.303863188179818,17.320443253490808,1.1722484748817108,39.61325482110292,32.65193285863044,0.6800003051757812,0.5650005340576172
master,nested_records,msgpack_base64,256,227,260,167,22.45508982035928,18.952095579958247,1.1848341375032656,37.66467043025765,33.83233875571611,0.25,0.25
alpha,nested_records,json,4096,3944,3980,60,52.499993642171226,28.333330154418945,1.8529411599710308,89.6666685740153,48.08332125345866,0.3149995803833008,0.24499988555908203
master,nested_records,json,4096,3944,3980,60,53.25001080830892,28.333330154418945,1.8794123570399965,87.41666475931804,48.08332125345866,0.30499935150146484,0.24499988555908203
master,nested_records,binary_json,4096,3944,3971,75,37.666664123535156,36.399993896484375,1.0347986384462862,56.60001118977865,58.13332875569662,0.29000091552734375,0.3099994659423828
master,nested_records,binary_protobuf,4096,3944,1861,30,116.66666666666667,112.66667048136394,1.0355029235195548,170.83333333333334,169.50000127156576,0.4849996566772461,0.4499998092651367
master,nested_records,msgpack_binary,4096,3944,2967,12,269.5833047231038,206.24995231628418,1.3070708705410898,394.5833047231038,334.166685740153,0.8599996566772461,0.6900005340576172
master,nested_records,msgpack_base64,4096,3944,3956,12,278.33326657613117,230.00001907348633,1.2101445369324169,408.33330154418945,361.6666793823242,0.9099998474121094,0.7950000762939453
alpha,nested_records,json,65536,65482,65518,1,1289.9999618530273,494.99988555908203,2.6060611315011224,2325.000762939453,954.9999237060547,2.315000534057617,0.9399995803833008
master,nested_records,json,65536,65482,65518,1,1235.0006103515625,494.99988555908203,2.494951304800162,2140.000343322754,954.9999237060547,2.125,0.9399995803833008
master,nested_records,binary_json,65536,65482,65509,6,570.8333651224772,560.0001017252604,1.019345109695233,824.1666158040365,849.1667111714681,1.3199996948242188,1.385000228881836
master,nested_records,binary_protobuf,65536,65482,30843,1,2184.999465942383,2119.999885559082,1.0306601810811697,4005.000114440918,3934.999465942383,3.9950008392333984,3.929999351501465
master,nested_records,msgpack_binary,65536,65482,48823,1,4154.999732971191,3570.000648498535,1.1638652600017578,6229.999542236328,5054.999351501465,6.214999198913574,5.044999122619629
master,nested_records,msgpack_base64,65536,65482,65100,1,4380.000114440918,3894.9995040893555,1.1245187861621961,6775.00057220459,5475.000381469727,6.765000343322754,5.465000152587891
alpha,nested_records,json,1048576,1048480,1048516,1,13715.00015258789,7744.999885559082,1.7708199296632858,24210.000038146973,16340.00015258789,24.1850004196167,16.114999771118164
master,nested_records,json,1048576,1048480,1048516,1,15005.000114440918,7744.999885559082,1.9373789975669915,23660.000801086426,16340.00015258789,23.630000114440918,16.114999771118164
master,nested_records,binary_json,1048576,1048480,1048507,1,9775.00057220459,9829.999923706055,0.9944049489391319,16545.000076293945,18375,16.350000381469727,18.125
master,nested_records,binary_protobuf,1048576,1048480,498475,1,27760.000228881836,27570.000648498535,1.0068915334027622,35265.000343322754,37539.99996185303,35.25,37.52500057220459
master,nested_records,msgpack_binary,1048576,1048480,785719,1,55185.0004196167,47640.000343322754,1.1583753153215806,74744.99988555908,60109.999656677246,74.71000003814697,60.089999198913574
master,nested_records,msgpack_base64,1048576,1048480,1047628,1,63164.99996185303,53345.00026702881,1.1840847248227255,90824.99980926514,64054.999351501465,90.78999996185303,64.04500007629395
alpha,nested_records,json,4194304,4194235,4194271,1,92415.00091552734,47530.00068664551,1.94435092742368,115279.99973297119,65975.00038146973,115.26000022888184,65.30000019073486
master,nested_records,json,4194304,4194235,4194271,1,88055.00030517578,47530.00068664551,1.852619377931475,120140.00034332275,65975.00038146973,120.11499977111816,65.30000019073486
master,nested_records,binary_json,4194304,4194235,4194262,1,50880.00011444092,51760.000228881836,0.982998452269135,67199.99980926514,71565.00053405762,66.51000022888184,71.27999973297119
master,nested_records,binary_protobuf,4194304,4194235,2003029,1,124920.00007629395,123279.99973297119,1.0133030527812708,149954.99992370605,150715.0001525879,149.92499923706055,150.69500064849854
master,nested_records,msgpack_binary,4194304,4194235,3141199,1,245350.00038146973,196170.00007629395,1.2507009241272815,284244.9998855591,227839.99919891357,284.2249994277954,227.81999969482422
master,nested_records,msgpack_base64,4194304,4194235,4188268,1,273755.0001144409,225510.00022888184,1.2139372969562003,333034.9998474121,254185.0004196167,333.0200004577637,254.16499996185303
alpha,numbers,json,256,255,291,111,5.855852419191653,4.279274124282974,1.3684218979948723,10.630633379961994,7.747744654749964,0.3250007629394531,0.46000003814697266
master,numbers,json,256,255,291,111,7.027024621362084,4.279274124282974,1.642106679141411,14.144141394812781,7.747744654749964,0.49000072479248047,0.46000003814697266
master,numbers,binary_json,256,255,282,102,10.049015867943858,7.990191964542165,1.257668891127782,18.529415130615234,16.225496927897137,0.5650005340576172,0.26000022888183594
master,numbers,binary_protobuf,256,255,109,435,6.735630693106816,6.091953146046605,1.1056602918027902,15.735630605412625,14.712642801219019,0.8450002670288086,0.9450006484985352
master,numbers,msgpack_binary,256,255,131,190,11.500002208508944,9.00000020077354,1.2777779946627703,29.3684206510845,17.36842205649928,0.6799993515014648,0.5299997329711914
master,numbers,msgpack_base64,256,255,176,192,12.708331147829691,9.843751788139343,1.2910048344719394,29.66145674387614,22.239580750465393,0.5349998474121094,0.28999996185302734
alpha,numbers,json,4096,4092,4128,82,35.9146304246856,18.780487339671065,1.912337511541627,64.51219465674424,42.68292682926829,0.27500057220458984,0.26999950408935547
master,numbers,json,4096,4092,4128,82,38.23171010831507,18.780487339671065,2.035714484765052,65.79268850931307,42.68292682926829,0.26000022888183594,0.26999950408935547
master,numbers,binary_json,4096,4092,4119,122,27.172135525062437,25.69672318755603,1.0574163610954448,47.909838254334495,46.59836409521885,0.23999977111816406,0.25500011444091797
master,numbers,binary_protobuf,4096,4092,1828,107,32.42990012480834,32.196267742976964,1.0072565051234033,52.89720374847127,52.89719483562719,0.4100008010864258,0.41499996185302734
master,numbers,msgpack_binary,4096,4092,2560,40,76.12500190734863,42.750000953674316,1.7807017592781076,134.50000286102295,93.75,0.5149993896484375,0.4049997329711914
master,numbers,msgpack_base64,4096,4092,3416,29,96.55173071499529,62.41377468766837,1.546961887790963,165.5172479563746,132.75863384378368,0.5900001525878906,0.6049995422363281
alpha,numbers,json,65536,65536,65572,1,899.9996185302734,335.00003814697266,2.6865657195400727,1285.0008010864258,770.0004577636719,1.2700004577636719,0.7349996566772461
master,numbers,json,65536,65536,65572,1,774.9996185302734,335.00003814697266,2.313431433671247,1324.9998092651367,770.0004577636719,1.3149995803833008,0.7349996566772461
master,numbers,binary_json,65536,65536,65563,7,378.5715103149414,370.7143238612584,1.0211947204301273,614.2857415335519,610.7142312186105,1.0650005340576172,1.0299997329711914
master,numbers,binary_protobuf,65536,65536,26345,9,366.66668785942926,364.44441477457684,1.006097701034126,653.3333460489908,635.5555852254232,1.8199996948242188,1.890000343322754
master,numbers,msgpack_binary,65536,65536,36446,1,1175.0001907348633,599.9994277954102,1.9583355188390594,2954.9999237060547,1875,2.939999580383301,1.864999771118164
master,numbers,msgpack_base64,65536,65536,48596,1,1380.000114440918,789.9999618530273,1.7468356722498868,3295.0000762939453,1930.0003051757812,3.2799997329711914,1.9200000762939453
alpha,numbers,json,1048576,1048575,1048611,1,7734.999656677246,5920.000076293945,1.3065877630054916,22060.0004196167,10164.999961853027,22.039999961853027,9.609999656677246
master,numbers,json,1048576,1048575,1048611,1,7850.000381469727,5920.000076293945,1.3260135608619799,21314.9995803833,10164.999961853027,21.295000076293945,9.609999656677246
master,numbers,binary_json,1048576,1048575,1048602,1,7789.999961853027,7779.999732971191,1.0012853765070782,12900.00057220459,12885.000228881836,12.470000267028809,12.434999465942383
master,numbers,binary_protobuf,1048576,1048575,422471,1,5704.999923706055,5769.9995040893555,0.9887349071109566,8535.000801086426,8739.999771118164,8.530000686645508,8.729999542236328
master,numbers,msgpack_binary,1048576,1048575,578653,1,14864.999771118164,8234.999656677246,1.8051002296114325,31845.00026702881,11680.000305175781,31.824999809265137,11.664999961853027
master,numbers,msgpack_base64,1048576,1048575,771540,1,18704.999923706055,11314.9995803833,1.6531153881909746,32500,14804.999351501465,32.484999656677246,14.789999961853027
alpha,numbers,json,4194304,4194303,4194339,1,80655.00068664551,32670.000076293945,2.4687787113037234,91789.99996185303,44990.00072479248,91.76999950408936,43.11000061035156
master,numbers,json,4194304,4194303,4194339,1,87155.00068664551,32670.000076293945,2.6677380007074762,111574.99980926514,44990.00072479248,111.52999973297119,43.11000061035156
master,numbers,binary_json,4194304,4194303,4194330,1,39734.999656677246,38315.00053405762,1.037061179768415,53125,52005.00011444092,51.34000015258789,50.24499988555908
master,numbers,binary_protobuf,4194304,4194303,1691083,1,21550.000190734863,21470.00026702881,1.0037261258831427,30074.999809265137,25940.000534057617,30.0649995803833,25.925000190734863
master,numbers,msgpack_binary,4194304,4194303,2313845,1,114320.00064849854,32340.00015258789,3.5349412526007824,137159.9998474121,38500,137.11000061035156,38.48500061035156
master,numbers,msgpack_base64,4194304,4194303,3085128,1,121885.00022888184,45619.99988555908,2.6717448604699423,154215.0001525879,53244.99988555908,154.19000053405762,53.234999656677246
alpha,bytes,json,256,925,961,182,15.24725589123401,7.142858190850897,2.13461551158384,27.115386920970874,14.670330089527171,0.2049999237060547,0.13000011444091797
master,bytes,json,256,925,961,182,15.384616432609139,7.142858190850897,2.15384598455488,24.862635266649853,14.670330089527171,0.21000003814697266,0.13000011444091797
master,bytes,binary_raw,256,925,283,1463,3.0485304430259554,2.1633629267621513,1.40916274625664,3.5269992121750575,2.8810664064168767,0.125,0.13500022888183594
master,bytes,binary_json,256,925,952,240,11.729164918263754,10.833330949147543,1.0826923845787895,20.083332061767578,19.187498092651367,0.1700000762939453,0.1700000762939453
master,bytes,binary_protobuf,256,925,286,837,5.137394548459435,3.882915173237754,1.323076688326322,6.738351664662789,5.388291790778776,0.1700000762939453,0.125
master,bytes,msgpack_binary,256,925,293,127,24.48818627304918,5.944875281626784,4.1192094220600906,37.55905121330201,12.99213048979992,0.2200002670288086,0.1549997329711914
master,bytes,msgpack_base64,256,925,392,115,27.695647529933762,7.73913342019786,3.5786497048432704,40.000003317128055,15.695654827615488,0.23000049591064453,0.1700000762939453
alpha,bytes,json,4096,14635,14671,13,226.15388723520132,98.46151792086087,2.296875896398165,348.07696709266077,183.0768585205078,0.6850004196166992,0.2799997329711914
master,bytes,json,4096,14635,14671,13,225.7691896878756,98.46151792086087,2.292968811118057,348.8461421086238,183.0768585205078,0.7149991989135742,0.2799997329711914
master,bytes,binary_raw,4096,14635,4123,1125,3.4622217814127603,2.3911107381184897,1.4479554318496781,4.182222154405382,3.2533331976996527,0.125,0.15000057220458984
master,bytes,binary_json,4096,14635,14662,26,120.1923076923077,120.1923076923077,1,220.19228568443884,221.3461582477276,0.5399999618530273,0.5699996948242188
master,bytes,binary_protobuf,4096,14635,4126,399,7.8571434307815435,6.566415753280907,1.1965650251213114,10.914785820141173,10.676692302961994,0.1700000762939453,0.14500045776367188
master,bytes,msgpack_binary,4096,14635,4133,14,324.2857115609305,12.142862592424665,26.705870143275476,386.7857115609305,22.142887115478516,0.7149991989135742,0.11499977111816406
master,bytes,msgpack_base64,4096,14635,5512,20,335.75000762939453,37.2499942779541,9.01342440817779,412.7500057220459,49.50003623962402,0.75,0.1550006866455078
alpha,bytes,json,65536,233995,234031,1,3315.000534057617,1810.0004196166992,1.831491583167494,8104.999542236328,3875,8.094999313354492,3.7049999237060547
master,bytes,json,65536,233995,234031,1,3314.999580383301,1810.0004196166992,1.8314910562757287,8094.999313354492,3875,8.079999923706055,3.7049999237060547
master,bytes,binary_raw,65536,233995,65563,307,13.925080190652357,7.882736404866272,1.7665287122953837,28.973942859165057,14.78827349137794,2.1599998474121094,0.21000003814697266
master,bytes,binary_json,65536,233995,234022,1,2300.0001907348633,2050.0001907348633,1.1219512081656844,4880.000114440918,4824.999809265137,4.7300004959106445,4.680000305175781
master,bytes,binary_protobuf,65536,233995,65567,58,59.31035403547616,52.41379244574185,1.1315791372447157,80.08619834636819,61.379301136937634,0.6050004959106445,0.37999916076660156
master,bytes,msgpack_binary,65536,233995,65575,1,4104.999542236328,64.99958038330078,63.15424681250642,7689.999580383301,119.99988555908203,7.675000190734863,0.1099996566772461
master,bytes,msgpack_base64,65536,233995,87436,1,4275.00057220459,425.0001907348633,10.058820361498503,7470.000267028809,539.9999618530273,7.460000038146973,0.5299997329711914
alpha,bytes,json,1048576,3743755,3743791,1,115149.99961853027,47474.99942779541,2.425487119671514,132135.00022888184,63439.9995803833,132.10999965667725,58.5
master,bytes,json,1048576,3743755,3743791,1,115474.99942779541,47474.99942779541,2.4323328240039475,128234.99965667725,63439.9995803833,128.21000003814697,58.5
master,bytes,binary_raw,1048576,3743755,1048603,32,151.2499749660492,75.78125596046448,1.9958758013321551,216.87501668930054,120.78127264976501,2.1100006103515625,1.1949996948242188
master,bytes,binary_json,1048576,3743755,3743782,1,49715.00015258789,50159.99984741211,0.991128395211764,68020.00045776367,69044.99912261963,65.68000030517578,66.66499996185303
master,bytes,binary_protobuf,1048576,3743755,1048607,3,815.0002161661783,753.3334096272787,1.0818585844605115,1081.6669464111328,1280.0000508626301,1.6700000762939453,2.380000114440918
master,bytes,msgpack_binary,1048576,3743755,1048615,1,119560.0004196167,159.99984741210938,747.2507152564194,146020.00045776367,274.99961853027344,146,0.27499961853027344
master,bytes,msgpack_base64,1048576,3743755,1398156,1,130364.99977111816,5774.999618530273,22.574027425528353,139070.00064849854,6199.999809265137,139.04500007629395,6.189999580383301
alpha,bytes,json,4194304,14974987,14975023,1,555409.9998474121,218980.00049591064,2.536350345189556,601399.9996185303,231784.9998474121,601.3599996566772,220.97999954223633
master,bytes,json,4194304,14974987,14975023,1,575494.9998855591,218980.00049591064,2.628071050243267,621930.0003051758,231784.9998474121,621.8850002288818,220.97999954223633
master,bytes,binary_raw,4194304,14974987,4194331,19,535.7894897460938,274.736856159411,1.9501915295820804,596.5789493761564,288.9473563746402,1.1949996948242188,0.46000003814697266
master,bytes,binary_json,4194304,14974987,14975014,1,247345.0002670288,240130.00011444092,1.0300462255825984,256174.99923706055,255965.0001525879,246.44000053405762,246.39000034332275
master,bytes,binary_protobuf,4194304,14974987,4194336,1,3314.999580383301,2965.0001525878906,1.1180436457954062,3494.999885559082,3250,3.489999771118164,3.244999885559082
master,bytes,msgpack_binary,4194304,14974987,4194343,1,575215.0001525879,399.99961853027344,1438.0388718022077,626510.0002288818,704.9999237060547,626.4899997711182,0.6999998092651367
master,bytes,msgpack_base64,4194304,14974987,5592460,1,605550.0001907349,24989.999771118164,24.231692906639825,686720.0002670288,26490.00072479248,686.6850004196167,26.485000610351562
